{
  "deterministic": {
    "hits": 154,
    "sim_time": 19.300000000000217,
    "hit_rate": 8.0,
    "apexes": [
      0.5541561769886618,
      0.5416166891176499,
      0.5486537374774655,
      0.5539728597719845,
      0.5327679117607774,
      0.530516363308018,
      0.5680945901874148,
      0.5548077515169819,
      0.5507418477594,
      0.5595425550474339,
      0.5310750531999442,
      0.5417903336393716,
      0.5575207686209669,
      0.5595368763899099,
      0.5284803773212746,
      0.5290588211376179,
      0.5285363539954929,
      0.5317560905529511,
      0.5460120724365369,
      0.5401325638807054,
      0.551885614175278,
      0.5278205962769068,
      0.5576694505988932,
      0.5594556852690694,
      0.5312802535460042,
      0.5391278909577797,
      0.553687405073429,
      0.546444728842446,
      0.5342039295060896,
      0.5596259869772726,
      0.5638128680997706,
      0.5536549546723265,
      0.5358774447138291,
      0.5290469776318258,
      0.55408529037188,
      0.5411098890957257,
      0.5671310429236853,
      0.5740814111373835,
      0.5764583758543517,
      0.5510442383052025,
      0.5641125912372971,
      0.5934329274523298,
      0.5929392877905978,
      0.6452420513770574,
      0.6490604647273593,
      0.6630114392350653
    ],
    "hit_intervals_ms": [
      20.0,
      10.0,
      10.0,
      370.0,
      20.0,
      10.0,
      10.0,
      350.0,
      20.0,
      10.0,
      10.0,
      360.0,
      20.0,
      10.0,
      10.0,
      390.0,
      10.0,
      10.0,
      370.0,
      10.0,
      340.0,
      20.0,
      10.0,
      10.0,
      380.0,
      20.0,
      10.0,
      380.0,
      20.0,
      10.0,
      10.0,
      10.0,
      350.0,
      30.0,
      10.0,
      400.0,
      380.0,
      10.0,
      10.0,
      350.0,
      20.0,
      10.0,
      380.0,
      20.0,
      10.0,
      10.0,
      420.0,
      370.0,
      10.0,
      360.0,
      10.0,
      10.0,
      360.0,
      20.0,
      360.0,
      10.0,
      20.0,
      370.0,
      10.0,
      380.0,
      10.0,
      10.0,
      390.0,
      10.0,
      10.0,
      330.0,
      40.0,
      370.0,
      20.0,
      10.0,
      10.0,
      400.0,
      10.0,
      370.0,
      10.0,
      10.0,
      350.0,
      20.0,
      10.0,
      10.0,
      370.0,
      20.0,
      10.0,
      10.0,
      380.0,
      10.0,
      10.0,
      340.0,
      20.0,
      10.0,
      10.0,
      370.0,
      20.0,
      10.0,
      10.0,
      400.0,
      10.0,
      10.0,
      390.0,
      10.0,
      10.0,
      380.0,
      360.0,
      10.0,
      10.0,
      390.0,
      10.0,
      10.0,
      350.0,
      20.0,
      10.0,
      10.0,
      380.0,
      10.0,
      10.0,
      10.0,
      10.0,
      390.0,
      10.0,
      10.0,
      10.0,
      20.0,
      410.0,
      10.0,
      10.0,
      360.0,
      20.0,
      10.0,
      10.0,
      380.0,
      10.0,
      10.0,
      10.0,
      10.0,
      420.0,
      10.0,
      10.0,
      10.0,
      10.0,
      410.0,
      10.0,
      10.0,
      10.0,
      10.0,
      470.0,
      10.0,
      10.0,
      10.0,
      10.0,
      480.0,
      10.0,
      10.0,
      10.0
    ]
  },
  "noisy_ic": {
    "episodes": [
      {
        "seed": 0,
        "hits": 155,
        "sim_time": 20.0
      },
      {
        "seed": 1,
        "hits": 92,
        "sim_time": 11.0
      },
      {
        "seed": 2,
        "hits": 155,
        "sim_time": 20.0
      },
      {
        "seed": 3,
        "hits": 97,
        "sim_time": 12.11
      },
      {
        "seed": 4,
        "hits": 45,
        "sim_time": 4.69
      },
      {
        "seed": 5,
        "hits": 50,
        "sim_time": 5.44
      },
      {
        "seed": 6,
        "hits": 153,
        "sim_time": 20.0
      },
      {
        "seed": 7,
        "hits": 157,
        "sim_time": 20.0
      },
      {
        "seed": 8,
        "hits": 162,
        "sim_time": 19.78
      },
      {
        "seed": 9,
        "hits": 47,
        "sim_time": 5.25
      },
      {
        "seed": 10,
        "hits": 66,
        "sim_time": 8.1
      },
      {
        "seed": 11,
        "hits": 146,
        "sim_time": 18.58
      },
      {
        "seed": 12,
        "hits": 153,
        "sim_time": 20.0
      },
      {
        "seed": 13,
        "hits": 47,
        "sim_time": 5.0
      },
      {
        "seed": 14,
        "hits": 49,
        "sim_time": 5.32
      },
      {
        "seed": 15,
        "hits": 156,
        "sim_time": 20.0
      },
      {
        "seed": 16,
        "hits": 160,
        "sim_time": 20.0
      },
      {
        "seed": 17,
        "hits": 108,
        "sim_time": 12.74
      },
      {
        "seed": 18,
        "hits": 145,
        "sim_time": 20.0
      },
      {
        "seed": 19,
        "hits": 62,
        "sim_time": 7.05
      },
      {
        "seed": 20,
        "hits": 150,
        "sim_time": 20.0
      },
      {
        "seed": 21,
        "hits": 53,
        "sim_time": 5.81
      },
      {
        "seed": 22,
        "hits": 150,
        "sim_time": 18.32
      },
      {
        "seed": 23,
        "hits": 48,
        "sim_time": 5.42
      },
      {
        "seed": 24,
        "hits": 143,
        "sim_time": 20.0
      },
      {
        "seed": 25,
        "hits": 125,
        "sim_time": 16.11
      },
      {
        "seed": 26,
        "hits": 143,
        "sim_time": 20.0
      },
      {
        "seed": 27,
        "hits": 52,
        "sim_time": 5.45
      },
      {
        "seed": 28,
        "hits": 61,
        "sim_time": 7.1
      },
      {
        "seed": 29,
        "hits": 156,
        "sim_time": 20.0
      },
      {
        "seed": 30,
        "hits": 151,
        "sim_time": 20.0
      },
      {
        "seed": 31,
        "hits": 33,
        "sim_time": 4.11
      },
      {
        "seed": 32,
        "hits": 143,
        "sim_time": 20.0
      },
      {
        "seed": 33,
        "hits": 150,
        "sim_time": 20.0
      },
      {
        "seed": 34,
        "hits": 66,
        "sim_time": 7.05
      },
      {
        "seed": 35,
        "hits": 156,
        "sim_time": 20.0
      },
      {
        "seed": 36,
        "hits": 149,
        "sim_time": 20.0
      },
      {
        "seed": 37,
        "hits": 156,
        "sim_time": 20.0
      },
      {
        "seed": 38,
        "hits": 139,
        "sim_time": 20.0
      },
      {
        "seed": 39,
        "hits": 168,
        "sim_time": 19.92
      },
      {
        "seed": 40,
        "hits": 48,
        "sim_time": 5.49
      },
      {
        "seed": 41,
        "hits": 44,
        "sim_time": 4.64
      },
      {
        "seed": 42,
        "hits": 43,
        "sim_time": 4.68
      },
      {
        "seed": 43,
        "hits": 155,
        "sim_time": 20.0
      },
      {
        "seed": 44,
        "hits": 150,
        "sim_time": 20.0
      },
      {
        "seed": 45,
        "hits": 143,
        "sim_time": 20.0
      },
      {
        "seed": 46,
        "hits": 56,
        "sim_time": 6.12
      },
      {
        "seed": 47,
        "hits": 103,
        "sim_time": 12.33
      },
      {
        "seed": 48,
        "hits": 155,
        "sim_time": 20.0
      },
      {
        "seed": 49,
        "hits": 123,
        "sim_time": 14.96
      }
    ],
    "all_apexes_sampled": 1711
  },
  "stress": {
    "episodes": [
      {
        "seed": 0,
        "hits": 156,
        "sim_time": 20.0
      },
      {
        "seed": 1,
        "hits": 62,
        "sim_time": 6.64
      },
      {
        "seed": 2,
        "hits": 152,
        "sim_time": 20.0
      },
      {
        "seed": 3,
        "hits": 153,
        "sim_time": 20.0
      },
      {
        "seed": 4,
        "hits": 37,
        "sim_time": 4.57
      },
      {
        "seed": 5,
        "hits": 117,
        "sim_time": 14.43
      },
      {
        "seed": 6,
        "hits": 105,